"","name","mean","n","median"
"1","Aaron Burmeister",19.625,16,16
"2","Aaron Peck",45.6666666666667,3,45
"3","Abbie West",18,1,18
"4","Al Crane",15,1,15
"5","Al Hardman",37.5,4,35
"6","Alan Eischens",58.3333333333333,3,60
"7","Alan Stevens",56,1,56
"8","Aleksandar Nikolich",53,1,53
"9","Alex Buetow",46,1,46
"10","Alex Sheldon",20.6666666666667,3,21
"11","Alexander Resnyuk",37,1,37
"12","Aliy Zirkle",14.7058823529412,17,14
"13","Allan Marple",31,1,31
"14","Allan Perry",11.3333333333333,3,11
"15","Allen Cheshire",37,2,37
"16","Allen Miller",43,1,43
"17","Allen Moore",33,9,33
"18","Andre Monnier",49,1,49
"19","Andrew Angstman",42,1,42
"20","Andrew Foxie",34,1,34
"21","Andrew Letzring",55,1,55
"22","Andy Moderow",17,1,17
"23","Andy Sterns",49,1,49
"24","Andy Willis",32.5,2,32.5
"25","Angie Taggart",45.5,2,45.5
"26","Anjanette Steer",26,1,26
"27","Anna Berington",38.8333333333333,6,40.5
"28","Anna Bondarenko",53,1,53
"29","Anne Capistrant",66,1,66
"30","Ararad Khatchikian",45,1,45
"31","Armen Khatchikian",44,1,44
"32","Art Church, Jr",37,3,40
"33","Barbara Moore",36,1,36
"34","Becca Moore",54.5,2,54.5
"35","Ben Jacobson",49,1,49
"36","Ben Stamm",58.5,2,58.5
"37","Benedikt Beisch",54,1,54
"38","Benjamin Harper",36,1,36
"39","Benoit Gerard",49,1,49
"40","Bernhard Schuchert",50,1,50
"41","Bernie Willis",30,1,30
"42","Bert Hanson",50,2,50
"43","Beth Manning",52,1,52
"44","Betsy McGuire",29,1,29
"45","Beverly Jerue Masek",26.3333333333333,3,23
"46","Bill Arpino",11,1,11
"47","Bill Bass",47,2,47
"48","Bill Borden",53,1,53
"49","Bill Cavaney",28,1,28
"50","Bill Chisholm",30,2,30
"51","Bill Cotter",16.4210526315789,19,15
"52","Bill Davidson",52.5,2,52.5
"53","Bill Gallea",41,1,41
"54","Bill Hall",35,6,33.5
"55","Bill Jack",23.5,2,23.5
"56","Bill Mackey",45,1,45
"57","Bill McKee",62,1,62
"58","Bill Rose",32,1,32
"59","Bill Steyer",47,1,47
"60","Bill Vaudrin",19,1,19
"61","Bill Yankee",39,1,39
"62","Billy Demoski",16,1,16
"63","Billy Snodgrass",44.25,4,46
"64","Bjornar Andersen",5,2,5
"65","Blake Freking",46.3333333333333,3,46
"66","Bob Bright",22,1,22
"67","Bob Chlupach",25.8333333333333,12,21
"68","Bob Ernissee",43,1,43
"69","Bob Hempstead",56,1,56
"70","Bob Hickel",46,3,42
"71","Bob Holder",36,4,32
"72","Bob Hoyte",38,1,38
"73","Bob Martin",25,1,25
"74","Bob Schlentner",10.6666666666667,3,8
"75","Bob Toll",22,1,22
"76","Bobby Lee",35,1,35
"77","Bobby Vent",2,1,2
"78","Brad Pozarnsky",51,1,51
"79","Braxton Peterson",28,1,28
"80","Brent Sass",18.3333333333333,3,20
"81","Brian Blandford",21,1,21
"82","Brian Johnson",48,1,48
"83","Brian O'Donoghue",60,1,60
"84","Brian Stafford",40,1,40
"85","Brian Wilmshurst",52,1,52
"86","Bruce Barton",31,1,31
"87","Bruce Denton",18.75,4,19.5
"88","Bruce Johnson",16.5,2,16.5
"89","Bruce Lee",17.8571428571429,7,17
"90","Bruce Linton",35.3333333333333,6,31.5
"91","Bruce Mitchell",21,1,21
"92","Bruce Moroney",48.5,2,48.5
"93","Bryan Bearss",37,1,37
"94","Bryan Imus",33,1,33
"95","Bryan Mills",43,3,44
"96","Bryan Moline",48,1,48
"97","Buck Church",54,1,54
"98","Bud Smyth",18.8,5,13
"99","Burt Bomhoff",25.5714285714286,7,26
"100","Cain Carter",35,1,35
"101","Caleb Banse",57,1,57
"102","Caleb Slemons",42,1,42
"103","Cali King",32,1,32
"104","Calvin Lauwers",36,1,36
"105","Carl Huntington",1,1,1
"106","Carla Kelly",39,1,39
"107","Catherine Mormile",58,1,58
"108","Celeste Davis",55,1,55
"109","Chad Lindner",30,1,30
"110","Chad Schouweiler",61,1,61
"111","Charley Bejna",40.3333333333333,3,41
"112","Charlie Boulding",11.0909090909091,11,7
"113","Charlie Fitka",24.5,2,24.5
"114","Charlie Harrington",26,1,26
"115","Chris Adkins",50,1,50
"116","Chris Camping",18,1,18
"117","Chris Converse",50,1,50
"118","Chris Deverill",34,1,34
"119","Chris Lund",49,1,49
"120","Christian Turner",26.5,2,26.5
"121","Christine O'Gar",32,1,32
"122","Christine Roalofs",54,1,54
"123","Christoph Harisberger",43,1,43
"124","Christopher Knott",20.5,2,20.5
"125","Chuck Schaeffer",51,1,51
"126","Cim Smyth",20.6923076923077,13,21
"127","Cindy Abbott",65,2,65
"128","Cindy Gallea",47,12,43
"129","Claire Philip",22.25,4,19.5
"130","Clarence Shockley",27,1,27
"131","Clarence Towarak",18,2,18
"132","Cliff Roberson",39,3,38
"133","Cliff Sisson",34,1,34
"134","Cliff Wang",69,1,69
"135","Clifton Jackson",22,1,22
"136","Clint Warnke",42.4,5,41
"137","Cody Strathe",36,2,36
"138","Colleen Robertia",28.5,2,28.5
"139","Connie Frerichs",39,1,39
"140","Connor Thomas",33,2,33
"141","Conrad Saussele",29,1,29
"142","Curt Perano",30.25,4,29.5
"143","Dag Torulf Olsen",30,1,30
"144","Dale Swartzentruber",32,1,32
"145","Dallas Seavey",10.9090909090909,11,4
"146","Dan Carter",49,1,49
"147","Dan Cowan",37,1,37
"148","Dan Dent",63,1,63
"149","Dan Govoni",44,2,44
"150","Dan Kaduce",26,2,26
"151","Dan MacEachen",22,6,21
"152","Dan Seavey",27.4,5,35
"153","Dan Zobrist",34,1,34
"154","Daniel Vetch",43,1,43
"155","Danny Seavey",43.3333333333333,3,43
"156","Dario Daniels",40,1,40
"157","Darrel Reynolds",20,1,20
"158","Darwin McLeod",22,1,22
"159","Dave Allen",30,1,30
"160","Dave Branholm",39,3,42
"161","Dave Breuer",44,2,44
"162","Dave DeCaro",51,1,51
"163","Dave Delcourt",50,1,50
"164","Dave Monson",13,3,13
"165","Dave Olesen",24.75,8,27
"166","Dave Olson",20,4,17
"167","Dave Scheer",30,3,37
"168","Dave Tresino",61.5,2,61.5
"169","David Dalton",34,1,34
"170","David Milne",29.3333333333333,3,30
"171","David Sawatzky",20,7,15
"172","David Straub",55,1,55
"173","David Wolfe",45,1,45
"174","Dean J Rosiar II",45,1,45
"175","Dean Osmar",7,2,7
"176","Dean Painter",29,1,29
"177","Debbie Corral",58,1,58
"178","Debbie Moderow",56,1,56
"179","Deborah Bicknell",78,1,78
"180","DeeDee Jonrowe",14.84375,32,11
"181","Del Allison",36,1,36
"182","Dennis Boyer",35,1,35
"183","Dennis Corrington",34,1,34
"184","Dennis Kananowicz",29,1,29
"185","Dennis Lozano",34,1,34
"186","Desi Kaemerer",21,1,21
"187","Devon Currier",57.5,2,57.5
"188","Dexter Kancer",51,1,51
"189","Diana Moroney",24.6666666666667,9,26
"190","Dick Barnum",44,1,44
"191","Dick Mackey",10.1428571428571,7,7
"192","Dick Peterson",13,1,13
"193","Dick Wilmarth",1,1,1
"194","Dodo Perri",52,1,52
"195","Don Bowers",44,3,44
"196","Don Honea",8.25,4,7.5
"197","Don Lyrek",35,1,35
"198","Don McEwen",30,2,30
"199","Don McQuown",45.5,2,45.5
"200","Don Montgomery",45,1,45
"201","Don Mormile",59,1,59
"202","Donald Smidt",57,1,57
"203","Donna Gentry",14,2,14
"204","Doug Grilliot",53,1,53
"205","Doug Swingley",7.38461538461539,13,2
"206","Douglas Sherrer",32,1,32
"207","Dries Jacobs",62,1,62
"208","Duane Halverson",15.3333333333333,9,11
"209","Duane Lamberts",38.5,2,38.5
"210","Earl Norris",31,1,31
"211","Ed Borden",44,1,44
"212","Ed De la Billiere",59,1,59
"213","Ed Foran",17,2,17
"214","Ed Forstner",42,1,42
"215","Ed Iten",11,10,9.5
"216","Ed Stielstra",36.875,8,32.5
"217","Eep Anderson",14,7,10
"218","Ellen Halverson",52.5,2,52.5
"219","Ellie Claus",45,1,45
"220","Elliot Anderson",62,1,62
"221","Emmitt Peters",13,13,9
"222","Eric Buetow",33.6666666666667,3,33
"223","Eric Butcher",48,1,48
"224","Eric Poole",31,1,31
"225","Eric Rogers",62,3,68
"226","Ernie Baumgartner",12,4,10.5
"227","Fabrizio Lovati",38,3,38
"228","Fedor Konyukhov",68,1,68
"229","Ford Reeves",20,1,20
"230","Francine Bennis",38,1,38
"231","Frank Bettine",34,1,34
"232","Frank Brown",37,1,37
"233","Frank Sihler",40,2,40
"234","Frank Teasley",24.2857142857143,7,27
"235","Frank Torres",23,1,23
"236","Frank Winkler",33.5,2,33.5
"237","Fred Agree",39.5,2,39.5
"238","Fritz Kirsch",48,1,48
"239","G.B. Jones",57.6666666666667,3,52
"240","Garth Eldson",39,1,39
"241","Gary Attla",17,1,17
"242","Gary Campen",32,1,32
"243","Gary Guy",27,1,27
"244","Gary Hokkanen",11,1,11
"245","Gary Paulsen",41,1,41
"246","Gary Whittemore",27.4,5,30
"247","Gayle Nienhauser",40,1,40
"248","Geir Idar Hjelvik",35.5,2,35.5
"249","Gene L Smith",75,1,75
"250","Gene Leonard",35.5,2,35.5
"251","George Attla",4,1,4
"252","Gerald Sousa",30.9090909090909,11,31
"253","Gerry Willomitzer",20.75,4,20
"254","Glen Findlay",20,2,20
"255","Glenn Lockwood",71,1,71
"256","Gordon Brinker",39,2,39
"257","Gordon Castanza",24,1,24
"258","Gordon Hubbard",38,1,38
"259","Greg Parvin",57,1,57
"260","Greg Tibbetts",47,1,47
"261","Gregg Hickmann",42,2,42
"262","Gunnar Johnson",51,2,51
"263","Gus Guenther",36,2,36
"264","Guy Blankenship",11.5,6,12
"265","Gwen Holdman",30,1,30
"266","Hank Debruin",48,1,48
"267","Hans Gatt",15.5714285714286,14,15
"268","Harald Tunheim",18.6666666666667,3,19
"269","Harmony Barron",46,3,41
"270","Harold Ahmasuk",19,1,19
"271","Harry Caldwell",34.8333333333333,6,31.5
"272","Harry Sutherland",16.8333333333333,6,17
"273","Harry T Alexie",37,1,37
"274","Heather Siirtola",56.75,4,53.5
"275","Heidi Sutter",48,1,48
"276","Henry Beatus",6,1,6
"277","Henry Horner",41,1,41
"278","Henry Johnson",20,1,20
"279","Herbie Nayokpuk",7.6,10,5.5
"280","Hernan Maquieira",47,1,47
"281","Horst Maas",23,1,23
"282","Howard Albert",11.5,4,11.5
"283","Howard Farley",20,1,20
"284","Hugh Neff",18.9166666666667,12,20
"285","Ian MacKenzie",35,1,35
"286","Isaac Okleasik",6,1,6
"287","Isabelle Travadon",61,1,61
"288","Jack Berry",29.5,4,30
"289","Jack Goode",45,1,45
"290","Jack Goodwin",24,2,24
"291","Jack Hooker",14.5,2,14.5
"292","Jack Studer",45,1,45
"293","Jacob Lysyshyn",70,1,70
"294","Jacques Philip",16.4285714285714,7,14
"295","Jaimee High",46,1,46
"296","Jake Berkowitz",34.6666666666667,3,31
"297","James Brandon",28,1,28
"298","James Cole",40,1,40
"299","James Connor",67,1,67
"300","James Reiter",59,1,59
"301","James Ritchie",38.5,2,38.5
"302","James Volek",51,2,51
"303","James Wheeler",65,1,65
"304","Jamie Nelson",34,3,33
"305","Jan Masek",27,3,33
"306","Jan Steves",52,1,52
"307","Jane Faulkner",53,1,53
"308","Jason Barron",24.5714285714286,7,30
"309","Jason Campeau",26.5,2,26.5
"310","Jason Mackey",31.6666666666667,6,33.5
"311","Jean Lacroix",28,1,28
"312","Jeff Deeter",59,1,59
"313","Jeff Holt",59,1,59
"314","Jeff King",6.04,25,3
"315","Jeff Wells",48,1,48
"316","Jen Seavey",43,1,43
"317","Jennifer Freking",50,1,50
"318","Jennifer Gourley",40,1,40
"319","Jeremy Gebauer",45,2,45
"320","Jeremy Keller",54,1,54
"321","Jerome Longo",35.8,5,35
"322","Jerry Austin",14.4444444444444,18,14
"323","Jerry LaVoie",39,1,39
"324","Jerry Louden",41,1,41
"325","Jerry Mercer",27.5,2,27.5
"326","Jerry Raychel",27.75,4,27
"327","Jerry Riley",8.77777777777778,9,8
"328","Jessica Hendricks",20.75,4,21.5
"329","Jessie Royer",12.7333333333333,15,14
"330","Jim Cantor",44,1,44
"331","Jim Davis",49,2,49
"332","Jim Gallea",37.6666666666667,3,40
"333","Jim Kershner",22,1,22
"334","Jim Lanier",33.625,16,35
"335","Jim Oehlschlaeger",44.3333333333333,3,44
"336","Jim Rowe",27,1,27
"337","Jim Smarz",28,1,28
"338","Jim Strong",27.75,4,26
"339","Jim Tofflemeire",35,1,35
"340","Jim Warren",73,1,73
"341","Jim Wood",49,1,49
"342","Jimmy Lebling",60,1,60
"343","Joar Leifseth Ulsom",5.4,5,6
"344","Jodi Bailey",36.1666666666667,6,37
"345","Joe Carpenter",47,1,47
"346","Joe Carson",55,1,55
"347","Joe Gans",57,1,57
"348","Joe Garnie",14.4666666666667,15,16
"349","Joe LeFaive",48,1,48
"350","Joe May",8,4,8
"351","Joe Redington Sr",16.9333333333333,15,11
"352","Joe Runyan",12.75,8,5.5
"353","Joee Redington Jr",6,2,6
"354","Joel Kottke",25,1,25
"355","John Ace",39.3333333333333,3,38
"356","John Baker",11.3636363636364,22,8.5
"357","John Barron",20.6315789473684,19,18
"358","John Bramante",50,2,50
"359","John Coble",34.5,2,34.5
"360","John Coffin",9,1,9
"361","John Cooper",11,5,9
"362","John Dixon",48,1,48
"363","John Gartiez",34,1,34
"364","John Gourley",30.75,4,30
"365","John Hessert",50,1,50
"366","John Komak",8,1,8
"367","John Patten",18,1,18
"368","John Peterson",57,2,57
"369","John Schultz",22,1,22
"370","John Stam",20,1,20
"371","John Suter",40,4,39.5
"372","John Wood",25.5,4,25
"373","Jon Korta",36,2,36
"374","Jon Little",18.2,5,15
"375","Jon Terhune",47.25,4,47
"376","Jon VanZyle",37.5,2,37.5
"377","Joran Freeman",32,1,32
"378","Josh Cadzow",14,1,14
"379","Juan Alcina",22.25,4,23.5
"380","Judy Currier",42.25,4,45
"381","Justin High",49,1,49
"382","Justin Savidis",38,6,38.5
"383","Justin Stielstra",51,1,51
"384","Karen Land",52.5,2,52.5
"385","Karen Ramstead",56.4,5,57
"386","Kari Skogen",34,2,34
"387","Karin Hendrickson",38,6,38
"388","Karin Schmidt",29,1,29
"389","Karl Clauson",38,1,38
"390","Kate Persons",14.75,4,14
"391","Katherine Keith",27.3333333333333,3,31
"392","Kathy Halverson",32,1,32
"393","Kathy Swenson",17.5,2,17.5
"394","Kathy Tucker",30.5,2,30.5
"395","Katie Davis",59,1,59
"396","Katrina Pawlaczyk",69,1,69
"397","Kazuo Kojima",35.4285714285714,7,33
"398","Keith Aili",32,1,32
"399","Keith Jones",19,1,19
"400","Keizo Funatsu",35,1,35
"401","Keli Mahoney",30,1,30
"402","Kelley Griffin",34,5,27
"403","Kelly LaMarre",42,1,42
"404","Kelly Maixner",25.4,5,30
"405","Kelly Williams",50.3333333333333,3,50
"406","Ken Anderson",12.5882352941176,17,12
"407","Ken Chase",21.4166666666667,12,14.5
"408","Ken Hamm",27,1,27
"409","Ken Johnson",37,1,37
"410","Kenth Fjellborg",20,1,20
"411","Ketil Reitan",24,6,25.5
"412","Kevin Fulton",32,1,32
"413","Kevin Korteum",55,1,55
"414","Kevin Morlock",52,1,52
"415","Kevin Saiki",28.5,2,28.5
"416","Kim Franklin",68,1,68
"417","Kim Kittredge",67,1,67
"418","Kim Teasley",46,1,46
"419","Kimarie Hanson",45,1,45
"420","Kirk Barnum",55.5,2,55.5
"421","Kirsten Bey",49,1,49
"422","Kjell Risung",44,1,44
"423","Kjetil Backen",7.33333333333333,3,9
"424","Kris Swanguarin",20,1,20
"425","Krista Maciolek",29.5,2,29.5
"426","Kristin Bacon",61,2,61
"427","Kristin Knight Pace",58,1,58
"428","Kristy Berington",36.375,8,39
"429","Lachlan Clarke",51.8333333333333,6,53.5
"430","Laird Barron",23.6666666666667,3,24
"431","Lance Mackey",15.0833333333333,12,13
"432","Larry Daugherty",53.5,2,53.5
"433","Larry Harris",46,1,46
"434","Larry Munoz",49.5,2,49.5
"435","Larry Smith",11.6,5,10
"436","Larry Williams",48,1,48
"437","Lars Ekstrand",55,1,55
"438","Lars Monsen",27.5,2,27.5
"439","Laura Allaway",46,1,46
"440","Laura Daugereau",64,1,64
"441","Laura Neese",42,1,42
"442","Lavon Barve",10.1666666666667,12,7.5
"443","Leroy Shank",40.5,2,40.5
"444","Lesley Monk",48,2,48
"445","Lev Shvarts",54,1,54
"446","Libby Riddles",17.4,5,18
"447","Linda Joy",46,1,46
"448","Linwood Fiedler",18.2631578947368,19,18
"449","Lisa Frederic",47,1,47
"450","Lisa Moore",47,1,47
"451","Lisbet Norris",54,3,49
"452","Liz Parrish",77,1,77
"453","Lloyd Gilbertson",54,1,54
"454","Lolly Medley",24,1,24
"455","Lori Townsend",40,1,40
"456","Lorren Weaver",57,2,57
"457","Louie Ambrose",47,1,47
"458","Louis Sr. Nelson",25.5,4,22
"459","Luan Ramos Marques",49,1,49
"460","Lucy Nordlum",13,1,13
"461","Lynda Plettner",38.5,12,36.5
"462","Macgill Adams",39,2,39
"463","Magnus Kaltenborn",33,1,33
"464","Malcolm Vance",35,2,35
"465","Marc Boily",10.3333333333333,3,11
"466","Marcelle Fressineau",55.5,2,55.5
"467","Marjorie Moore",30,1,30
"468","Mark Chapoton",49,2,49
"469","Mark Freshwaters",20.5,2,20.5
"470","Mark Jackson",47,1,47
"471","Mark Lindstrom",32,1,32
"472","Mark May",20,1,20
"473","Mark Merrill",37,1,37
"474","Mark Moderow",61,1,61
"475","Mark Nordman",37.5,4,37.5
"476","Mark Rosser",38,1,38
"477","Mark Stamm",33,1,33
"478","Mark Wildermuth",22,1,22
"479","Mark Williams",57,1,57
"480","Martin Buser",11.6176470588235,34,8.5
"481","Martin Koenig",76,1,76
"482","Mary Helwig",71,1,71
"483","Mary Shields",23,1,23
"484","Mats Pettersson",26.5,4,26
"485","Matt Ace",45,2,45
"486","Matt Anderson",40,1,40
"487","Matt Calore",50.5,2,50.5
"488","Matt Desalernos",15.5,10,13
"489","Matt Giblin",43,3,40
"490","Matt Hayashida",29,7,29
"491","Matt Rossi",51,1,51
"492","Matt Weik",71,1,71
"493","Matthew Failor",41.8333333333333,6,44
"494","Max Hall",43.3333333333333,3,46
"495","Mel Adkins",16,1,16
"496","Melanie Gould",31.6666666666667,6,24
"497","Melanie Shirilla",54,1,54
"498","Melissa  Stewart",37.3333333333333,3,33
"499","Mellen Shea",55,1,55
"500","Michael Baker",58,1,58
"501","Michael Harrington",29,1,29
"502","Michael Madden",14,2,14
"503","Michael Nosko",31.25,4,32
"504","Michael Salvisberg",41,1,41
"505","Michael Storto",33,1,33
"506","Michael Suprenant",49,1,49
"507","Michael Williams, Jr.",21.5,6,18
"508","Michelle Phillips",20.25,8,20
"509","Mike Ellis",35,2,35
"510","Mike Jayne",25,1,25
"511","Mike Lawless",44.5,2,44.5
"512","Mike Owens",30,2,30
"513","Mike Pemberton",30,1,30
"514","Mike Peterson",55,1,55
"515","Mike Santos",36.5,2,36.5
"516","Mike Sherman",24,1,24
"517","Mike Tvenge",36,1,36
"518","Mike Weber",36,1,36
"519","Mike Williams, Sr.",33.3333333333333,15,36
"520","Mikhail Telpin",50,1,50
"521","Miriam Osredkar",56,1,56
"522","Misha Wiljes",54,1,54
"523","Mitch Brazin",24.5,2,24.5
"524","Mitch Seavey",9.60869565217391,23,9
"525","Monica Zappa",47,3,47
"526","Monique Bene",40,1,40
"527","Morton Fonseca",46,1,46
"528","Myron Angstman",25,1,25
"529","Nathan Schroeder",30.25,4,29.5
"530","Nathan Underwood",28,1,28
"531","Neil Eklund",23.5,2,23.5
"532","Nels Anderson",40,2,40
"533","Newton Marshall",45,2,45
"534","Nicolas Pattaroni",29,3,30
"535","Nicolas Petit",13.8333333333333,6,8.5
"536","Nicolas Vanier",36,1,36
"537","Nikolai Ettyne",41.3333333333333,3,43
"538","Nils Hahn",30.25,4,32.5
"539","Nina Hotvedt",19,1,19
"540","Noah Burmeister",36.75,4,40.5
"541","Noah Pereira",55,1,55
"542","Norm Stoppenbrink",31,2,31
"543","Norm Vaughan",45,4,43.5
"544","Norman MacAlpine",53,1,53
"545","Paige Drobny",32.25,4,30.5
"546","Palmer Sagoonick",41.3333333333333,3,43
"547","Pam Flowers",51,1,51
"548","Pat Danly",41.1666666666667,6,40.5
"549","Patrick Beall",64,1,64
"550","Patty Friend",20,1,20
"551","Paul Byrd",58,1,58
"552","Paul Ellering",52.5,2,52.5
"553","Paul Gebhardt",13,20,13.5
"554","Paul Hansen",61,1,61
"555","Paul Johnson",29,2,29
"556","Paul Rupple",46,1,46
"557","Paula Gmerek",38,1,38
"558","Pecos Humphreys",44.5,2,44.5
"559","Perry Solmonson",69.5,2,69.5
"560","Peryll Kyzer",26,10,23.5
"561","Pete Johnson",52,1,52
"562","Pete MacManus",13,2,13
"563","Peter Bartlett",39.5,4,39
"564","Peter Fromm",23,1,23
"565","Peter Kaiser",11.875,8,11
"566","Peter Kakaruk",30,1,30
"567","Peter Kelly",46,2,46
"568","Peter Nelson",32,1,32
"569","Peter Reuter",63,1,63
"570","Peter Sapin",22,1,22
"571","Peter Thomann",38.5,2,38.5
"572","Phil Morgan",63,1,63
"573","Prentice Harris",46,1,46
"574","Quinn Iten",38,1,38
"575","Rachael Scdoris",51,2,51
"576","Ralph Anderson",22.25,4,23
"577","Ralph Bradley",46,1,46
"578","Ralph Johannessen",15.3333333333333,3,16
"579","Ralph Lee",15,1,15
"580","Ralph Mann",6,1,6
"581","Ramey Smyth",11.15,20,11.5
"582","Ramy Brooks",11.1666666666667,12,9.5
"583","Randy Adkins",26.5,2,26.5
"584","Randy Chappel",35.5,2,35.5
"585","Randy Cummins",66,1,66
"586","Randy DeKuiper",31,1,31
"587","Randy Romenesko",38,1,38
"588","Ray Dronenburg",40,1,40
"589","Ray Gordon",25,2,25
"590","Ray Jackson",13,2,13
"591","Ray Lang",41,1,41
"592","Ray Redington Jr",15.1875,16,15.5
"593","Raymie Redington",27.5,10,29
"594","Red Fox Olson",26,1,26
"595","Reuben Seetot",16,1,16
"596","Rhodi Karella",50,1,50
"597","Rich Bosela",47,1,47
"598","Rich Corcoran",63,1,63
"599","Richard Burmeister",41,2,41
"600","Richard Burnham",21,4,20.5
"601","Richard Savoyski",69,1,69
"602","Richard Self",21,1,21
"603","Richie Diehl",21.8,5,23
"604","Rick Armstrong",27.5,4,26.5
"605","Rick Atkinson",29.5,2,29.5
"606","Rick Casillo",36.8571428571429,7,34
"607","Rick Holt",58,1,58
"608","Rick Larson",43.3333333333333,3,44
"609","Rick Mackey",11.45,20,8
"610","Rick McConnell",27.5,2,27.5
"611","Rick Swenson",8.91176470588235,34,5.5
"612","Rick Tarpey",42,1,42
"613","Rob Carss",44,1,44
"614","Rob Cooke",58.5,2,58.5
"615","Robert and Owen Ivan",16,1,16
"616","Robert Bundtzen",35.7142857142857,14,34.5
"617","Robert Gould",47,1,47
"618","Robert Ivan",17,1,17
"619","Robert Morgan",40,1,40
"620","Robert Nelson",30.25,4,30
"621","Robert Redington",22,1,22
"622","Robert Salazar",30,1,30
"623","Robert Somers",36,1,36
"624","Robert Sorlie",9.5,6,10.5
"625","Robin Jacobson",15.5,6,14
"626","Rod Perry",16.6666666666667,3,17
"627","Rodger Roberts",40.6666666666667,3,42
"628","Roger Bliss",48,1,48
"629","Roger Dahl",19,1,19
"630","Roger Haertel",44,1,44
"631","Roger Legaard",10,1,10
"632","Roger Nordlum",10.75,4,11
"633","Rohn Buser",31.6666666666667,3,37
"634","Rollin Westrum",39,2,39
"635","Rome Gilman",37,2,37
"636","Ron Aldrich",20.3333333333333,6,17.5
"637","Ron Brennan",35,1,35
"638","Ron Brinker",35,1,35
"639","Ron Cortte",37.25,4,30
"640","Ron Gould",47,2,47
"641","Ron Koczaja",47,1,47
"642","Ron Oviak",14,1,14
"643","Ron Robbins",31,2,31
"644","Ron Tucker",15,1,15
"645","Rose Albert",32,1,32
"646","Ross Adam",40.5,4,39.5
"647","Roxy Woods",23,1,23
"648","Roy Monk",45,4,43.5
"649","Roy Wade",40.5,2,40.5
"650","Rudi Niggemeier",43,1,43
"651","Rudy Demoski, Sr.",11.5,4,12
"652","Rune Hesthammer",10,1,10
"653","Russell Bybee",54,2,54
"654","Russell Lane",31.3333333333333,3,31
"655","Rusty Miller",17,2,17
"656","Ryan Redington",30.2,5,36
"657","Ryne Olson",45,2,45
"658","Sam Deltour",50.5,2,50.5
"659","Sam Maxwell",44,1,44
"660","Sam Perino",36,1,36
"661","Sandy Hamilton",24,1,24
"662","Sarah Stokey",66,1,66
"663","Scott Cameron",53.5,2,53.5
"664","Scott Janssen",40,2,40
"665","Scott Smith",31.1666666666667,6,34
"666","Scott White",54,1,54
"667","Sebastian Schnuelle",17.1428571428571,7,10
"668","Sebastien Vergnaud",23,1,23
"669","Sepp Herrman",51,1,51
"670","Seth Barnes",36,2,36
"671","Shane Goosen",53,2,53
"672","Shannon Brockman",25,1,25
"673","Shannon Poole",29,1,29
"674","Shawn Sidelinger",36.5,4,34.5
"675","Shelley Vandiver",29,1,29
"676","Sigrid Ekran",19.5,4,21.5
"677","Silvia Willis",24,2,24
"678","Simon Kinneen",39,1,39
"679","Skin Wysocki",47,2,47
"680","Sonny King",24,6,23.5
"681","Sonny Lindner",13.1578947368421,19,13
"682","Sonny Russell",15,1,15
"683","Spencer Thew",53,1,53
"684","Stan Ferguson",54,1,54
"685","Stan Passananiti",33,1,33
"686","Stan Smith",35,2,35
"687","Stan Zuray",9,1,9
"688","Stein Fjestad",21,1,21
"689","Stephen Adkins",33,6,32.5
"690","Steve Bush",32,1,32
"691","Steve Carrick",41,1,41
"692","Steve Christon",53,1,53
"693","Steve Fee",25,1,25
"694","Steve Flodin",29.6666666666667,3,29
"695","Steve Fossett",47,1,47
"696","Steve Gaber",31,1,31
"697","Steve Haver",55,2,55
"698","Steve Jones",27,1,27
"699","Steve Peek",42,1,42
"700","Steve Rasmussen",49,1,49
"701","Steve Rieger",38,1,38
"702","Steve Voltersen",28,1,28
"703","Steve Watkins",58,1,58
"704","Steven Madsen",72.5,2,72.5
"705","Sue Allen",71,2,71
"706","Sue Firmin",23.75,4,24.5
"707","Sue Morgan",72,1,72
"708","Susan Butcher",4.75,16,2.5
"709","Susan Cantor",37,1,37
"710","Susan Whiton",42,2,42
"711","Suzan Amundsen",41,1,41
"712","Sven Engholm",13.75,4,13
"713","Sven Haltmann",22.25,4,19.5
"714","Tamara Rose",43,1,43
"715","Ted English",23,5,24
"716","Terry Adkins",18.2777777777778,18,17
"717","Terry Hinesly",59,1,59
"718","Terry Miller",19,1,19
"719","Terry Seaman",45,1,45
"720","Thomas Lesatz",33.5,2,33.5
"721","Thomas Rosenbloom",56,1,56
"722","Thomas Tetz",25,1,25
"723","Thomas Waerner",17,1,17
"724","Tim Moerlein",12,2,12
"725","Tim Mowry",34.5,2,34.5
"726","Tim Osmar",15.8260869565217,23,14
"727","Tim Pappas",51,1,51
"728","Tim Triumph",47,1,47
"729","Tim White",20,1,20
"730","Timothy Hunt",48.5,2,48.5
"731","Todd Capistrant",66,1,66
"732","Tollef Monson",38.6666666666667,3,44
"733","Tom Daily",56,1,56
"734","Tom Jamgochian",57,1,57
"735","Tom Knolmayer",52.5,2,52.5
"736","Tom Mercer",13,3,12
"737","Tom Thurston",42.5,2,42.5
"738","Tomas Israelsson",29,2,29
"739","Tommy Jordbrudal",44,1,44
"740","Tony Shoogukwruk",38,1,38
"741","Tony Willis",27,1,27
"742","Tore Albrigtsen",32.5,2,32.5
"743","Tove SÃ¸rensen",28,1,28
"744","Travis Beals",25.75,4,27.5
"745","Travis Cooper",45,1,45
"746","Trent Herbst",52.6666666666667,9,52
"747","Trine Lyrek",37,1,37
"748","Trisha Kolegar",61,1,61
"749","Tyrell Seavey",26,2,26
"750","Urtha Lenharr",55,1,55
"751","Varona Thompson",27,2,27
"752","Vasily Zamitkyn",36,1,36
"753","Vern Cherneski",63,1,63
"754","Vern Halter",12.0555555555556,18,10.5
"755","Vicki Talbot",58,1,58
"756","Victor Jorge",35,1,35
"757","Victor Kotongan",16.25,4,16.5
"758","Wade Marrs",18.8333333333333,6,12
"759","Wally Robinson",40,1,40
"760","Walter Kaso",19.3333333333333,3,24
"761","Walter Williams",31,1,31
"762","Warner Vent",2.33333333333333,3,2
"763","Warren Palfrey",35,3,26
"764","Wattie McDonald",40.5,2,40.5
"765","Wayne Curtis",52.6,5,51
"766","Wes McIntyre",36,1,36
"767","William ""Middy"" Johnson",33,1,33
"768","William Bartlett",21,1,21
"769","William Hanes",37,3,40
"770","William Hayes",30,1,30
"771","William Kleedehn",27,1,27
"772","William Nelson",12,2,12
"773","William Pinkham",37.2857142857143,7,37
"774","William Solomon",28.5,2,28.5
"775","Yuka Honda",55,1,55
"776","Yvonne Dabakk",49,2,49
"777","Zack Steer",12.4,5,12
"778","Zoya DeNure",55,2,55
